<?xml version="1.0" encoding="UTF-8"?>
<classpath>
	<classpathentry kind="src" path="src"/>
	<classpathentry kind="src" path="resources"/>
	<classpathentry kind="con" path="org.eclipse.jst.j2ee.internal.web.container"/>
	<classpathentry kind="con" path="org.eclipse.jst.j2ee.internal.module.container"/>
	<classpathentry kind="lib" path="C:/Users/iiht/Desktop/ojdbc5.jar"/>
	<classpathentry kind="con" path="org.eclipse.jst.server.core.container/org.jboss.ide.eclipse.as.core.server.runtime.runtimeTarget/JBoss EAP 6.1+ Runtime">
		<attributes>
			<attribute name="owner.project.facets" value="jst.web"/>
		</attributes>
	</classpathentry>
	<classpathentry kind="con" path="org.eclipse.jdt.launching.JRE_CONTAINER/org.eclipse.jdt.internal.debug.ui.launcher.StandardVMType/java">
		<attributes>
			<attribute name="owner.project.facets" value="java"/>
		</attributes>
	</classpathentry>
	<classpathentry kind="output" path="build/classes"/>
</classpath>
